id,name,username,email,password,ngay-tao,disabled
56422fc7-043b-4b20-88d4-feb115e17fb1,Bảo Hữu Hoàng,huuhoang.hoanghuu4346,jane75.huuhoang@gmail.com,huuhoang-$!$jD9Tf,2024-10-07T22:44:19+07:00,False
c801e606-16b0-40b0-a4bd-4e5056857020,Tùng Nguyễn,tungnguyen.nguyentung7723,tranjohn.tungnguyen@gmail.com,tungnguyen-%&89f4Ub,2024-04-18T19:10:53+07:00,False
a40e60d6-b18a-4f70-a0e0-4c4460ff79a2,Lâm Mai Đặng,maidang.dangmai2092,wdang.maidang@gmail.com,maidang-E$3PqURd,2024-02-08T07:18:04+07:00,False
6e857896-f878-4c8a-bc84-4d41815b890d,Cô Vi Đặng,vidang.dangvi6491,buijohn.vidang@yahoo.com,vidang-!6Ic1VMY,2024-10-24T01:45:59+07:00,False
2d4eca18-2e8e-4156-b511-04063016096b,Xuân Bùi,xuanbui.buixuan4831,johnbui.xuanbui@yahoo.com,xuanbui-*1VVRnws,2024-03-20T02:23:35+07:00,False
b89bf75e-410a-4f53-80a8-72fe814d9ae2,Cô An Mai,anmai.maian5505,bduong.anmai@gmail.com,anmai-)0Pq+p4b,2024-02-26T04:17:17+07:00,False
8c2ea9c0-29ce-4fc7-b71e-0996ebf17c45,Quý cô Hồng Đặng,hongdang.danghong2127,nguyenjohn.hongdang@hotmail.com,hongdang-%6jNDjWV,2024-10-16T05:09:30+07:00,False
3d0fbc95-6e78-4518-83e4-09c7e781d918,Hà Bảo Đặng,baodang.dangbao1717,jane97.baodang@gmail.com,baodang-@@Qv2Emd,2024-07-02T17:27:40+07:00,False
907d1fc5-a09b-48c2-b546-fee97e187e5d,Nhiên Mai Bảo Bùi,baobui.buibao5882,john33.baobui@hotmail.com,baobui-()!2yAqs,2024-10-17T12:51:53+07:00,False
69940bdb-1a91-407d-941f-acda96527ece,Kim Hoàng Nguyễn,hoangnguyen.nguyenhoang7993,johnduong.hoangnguyen@gmail.com,hoangnguyen-+O3XNfkz,2024-02-22T12:07:12+07:00,False
4aaa56d8-636c-415e-988c-e430feb93f76,Nhật Bùi,nhatbui.buinhat9357,hoangjane.nhatbui@yahoo.com,nhatbui-*7WVm9!k,2024-07-07T10:12:07+07:00,False
878debfd-a76f-4ba1-9e57-844f54b13857,Chị Phương Mai,phuongmai.maiphuong3914,maijohn.phuongmai@hotmail.com,phuongmai-!9_E^Ufz,2024-04-05T23:39:46+07:00,False
5b4220b3-7503-409a-8267-a2de79e06eee,Quang Hoàng,quanghoang.hoangquang1644,john14.quanghoang@yahoo.com,quanghoang-Pd#Y1zZc,2024-07-06T23:30:05+07:00,False
ed9849d0-bd0d-4b46-a7bf-6befeb05fad7,Khoa Thế Mai,themai.maithe4319,johnpham.themai@gmail.com,themai-(y1GEv68,2024-09-27T01:29:14+07:00,False
b9627219-ef41-431b-b5ab-0e56e0a795fb,An Dương,anduong.duongan6465,vujane.anduong@yahoo.com,anduong-A!$xE4Ip,2024-05-11T20:51:57+07:00,False
a423319b-8ef4-469a-9b80-8d903242fc18,Quý cô Lâm Hoàng,lamhoang.hoanglam8199,johndang.lamhoang@hotmail.com,lamhoang-#2%AtUao,2024-08-22T05:33:55+07:00,False
7f71536f-3d56-4e88-b433-2f2f93335c35,Bà Lâm Vũ,lamvu.vulam5761,john53.lamvu@yahoo.com,lamvu-gWE@2LuL,2024-11-10T09:48:17+07:00,False
992422b3-6696-41d8-8c82-959d09ea1f6c,Huy Xuân Đặng,xuandang.dangxuan2094,johntran.xuandang@hotmail.com,xuandang-)l(4uTtc,2024-09-04T14:52:10+07:00,True
a1b0caa7-ff5f-432b-9970-84bde41f63dc,Linh Nguyễn,linhnguyen.nguyenlinh6547,wbui.linhnguyen@gmail.com,linhnguyen-@F7+PVAq,2024-08-07T10:21:57+07:00,False
560c0f37-935e-4851-bb7f-0d40f4bfd8ac,Cô Thành Trần,thanhtran.tranthanh2348,janeduong.thanhtran@yahoo.com,thanhtran-5$269VoE,2024-06-21T23:11:13+07:00,False
bfece90f-6e48-42ae-b02d-a24ae4d07524,Hà Thế Vũ,thevu.vuthe6135,cduong.thevu@gmail.com,thevu-_C9LR1Re,2024-01-04T23:18:15+07:00,True
1e5842f2-8f5a-4736-9dcb-4370d6d452c3,Anh Nhiên Đặng,nhiendang.dangnhien4891,janele.nhiendang@hotmail.com,nhiendang-!^G7*Dcw,2024-10-01T13:57:21+07:00,True
35d41916-aef0-4723-9edf-1069744ee481,Kim Trần,kimtran.trankim7270,omai.kimtran@yahoo.com,kimtran-_J7sYgPo,2024-01-12T21:47:41+07:00,False
46071a0e-b388-419d-9c9d-6cef4ade7ba3,Ông Khoa Bùi,khoabui.buikhoa3581,gbui.khoabui@hotmail.com,khoabui-V4^4hVrx,2024-08-24T12:45:43+07:00,False
204796e0-f5fe-4162-816f-179f8036e9b4,Bảo Đức Hoàng,duchoang.hoangduc9707,buijane.duchoang@yahoo.com,duchoang-Vb+$0Khq,2024-03-11T16:57:55+07:00,False
d3907efc-f17a-4129-a5f5-344f4c30abe8,Mai Trần,maitran.tranmai1744,thoang.maitran@hotmail.com,maitran-RI^Wq8Kh,2024-05-22T01:13:23+07:00,False
b8c8c517-88ab-4601-bc3b-065ce1df8fc5,Tú Đức Nguyễn,ducnguyen.nguyenduc7946,janemai.ducnguyen@hotmail.com,ducnguyen-*9j7XRg5,2024-07-19T12:02:43+07:00,False
0626583b-e072-4efe-85a6-f53121bd466d,Xuân Hoàng,xuanhoang.hoangxuan3966,johnvu.xuanhoang@hotmail.com,xuanhoang-(3+HaZQs,2024-01-26T13:17:37+07:00,False
ca23530c-f1c3-49a3-88bc-248cf2cfa2c7,Lâm Hữu Lê,huule.lehuu3819,johnbui.huule@yahoo.com,huule-!#vF8iPk,2024-10-12T08:35:02+07:00,False
931489f5-1c9a-4a40-9e78-9b6e95e9f576,Bác Huy Mai,huymai.maihuy4830,duongjohn.huymai@gmail.com,huymai-M_z@0UGu,2024-01-04T02:03:47+07:00,False
7d1bd5fd-ab01-48a3-b337-da4a84ba3c73,Nam Xuân Dương,xuanduong.duongxuan7016,sdang.xuanduong@hotmail.com,xuanduong-$4Oc(grI,2024-02-04T19:43:16+07:00,False
16d47b25-177f-41ed-9ffa-a1a5de100c56,Thành Nguyễn,thanhnguyen.nguyenthanh8790,maijane.thanhnguyen@yahoo.com,thanhnguyen-m&3NOcxL,2024-05-16T19:46:58+07:00,False
a7364b9c-428b-4278-8c5b-a97872b2fc94,Hưng Thị Mai,thimai.maithi6993,tranjohn.thimai@hotmail.com,thimai-_p!56BHw,2024-06-30T13:05:14+07:00,False
622bfd22-5ddf-4cdd-b236-fb5fee91af6b,Duyên Hoàng,duyenhoang.hoangduyen7727,dangjohn.duyenhoang@yahoo.com,duyenhoang-^4&OOwWn,2024-09-18T10:18:28+07:00,False
595dbef3-c881-421d-b03f-2e3779860f8d,Bảo Phạm,baopham.phambao8107,buijane.baopham@gmail.com,baopham-L&P18QJi,2024-10-24T06:23:28+07:00,False
0f8a9b0a-18e3-4de2-bd35-a49d90cf54a4,Anh Trọng Dương,trongduong.duongtrong9535,kduong.trongduong@hotmail.com,trongduong-^6yAFJj_,2024-09-30T06:16:05+07:00,False
4d112bec-9b15-4425-81a7-caf3f58c71be,Chị Hồng Dương,hongduong.duonghong2302,imai.hongduong@gmail.com,hongduong-(5DsAUCB,2024-06-11T01:40:39+07:00,False
341c8153-4f49-43ef-ba39-533b518e65d1,Bác Trung Đặng,trungdang.dangtrung6693,janevu.trungdang@gmail.com,trungdang-#O7B%Pz5,2024-04-23T05:00:18+07:00,False
8c730801-d611-42b9-afcb-029b18bca254,Châu Trí Dương,triduong.duongtri6432,eduong.triduong@gmail.com,triduong-n@9EDxwJ,2024-08-08T19:12:48+07:00,False
416b946d-8dfd-4153-87e4-b447efebe027,Quý cô Xuân Lê,xuanle.lexuan9167,vpham.xuanle@gmail.com,xuanle-%4&5kSlo,2024-09-09T14:15:24+07:00,False
68d5e569-8828-4caa-a94a-52d9a29a3779,Nhiên Hoàng,nhienhoang.hoangnhien4352,jane11.nhienhoang@gmail.com,nhienhoang-$R4Rcrh5,2024-02-01T10:45:11+07:00,False
7deaa82a-ec39-4f57-a4e6-1179c6fbdd7a,Dũng Mai,dungmai.maidung7621,fnguyen.dungmai@hotmail.com,dungmai-)4SKyTdp,2024-05-18T06:03:21+07:00,False
ede9f862-b9ef-4735-9358-4b8eebcdbe3d,Quang Trí Vũ,trivu.vutri7851,phamjohn.trivu@gmail.com,trivu-%4brAl*q,2024-03-16T14:10:28+07:00,True
055db99d-5371-4b78-a11d-88b4826e9f35,Bà Vi Bùi,vibui.buivi9340,jane21.vibui@gmail.com,vibui-x@E7Wdpl,2024-08-23T08:23:52+07:00,False
fc47586b-7020-4658-8b32-71f2df407c11,Quý cô Vi Mai,vimai.maivi4953,john25.vimai@gmail.com,vimai-&87LJg^i,2024-05-25T10:15:04+07:00,False
5c760294-6037-4eb4-ae40-4f5d924829ce,Quý cô Lâm Mai,lammai.mailam4832,avu.lammai@gmail.com,lammai-)G9WTfG*,2024-10-16T20:51:56+07:00,False
0766234c-c2f4-47ac-908e-64d26f575018,Hải Bùi,haibui.buihai8368,john54.haibui@gmail.com,haibui-j!5JO#&p,2024-01-15T22:46:06+07:00,False
13d1997e-5daf-4ec7-91ba-f6fc90275cb9,Bà Phương Đặng,phuongdang.dangphuong7505,lejane.phuongdang@gmail.com,phuongdang-4(0WQu9Y,2024-01-12T21:54:18+07:00,False
b8ef1a06-7a31-47f6-98a1-a5ba34702a40,Lâm Thị Đặng,thidang.dangthi6695,cvu.thidang@hotmail.com,thidang-p)$V0Zxr,2024-02-10T21:33:05+07:00,False
32f5ae06-d634-427d-876c-abf4b88ce327,Minh Bảo Bùi,baobui.buibao6148,lejohn.baobui@yahoo.com,baobui-!0!Wxai*,2024-01-25T05:58:28+07:00,False
6a1c177c-1d6f-4231-8060-1f3b03efc5c5,Quý cô Hà Bùi,habui.buiha1787,johnduong.habui@gmail.com,habui-+%9gSPha,2024-06-22T02:46:28+07:00,False
c7b705df-2d65-4423-9fc9-c3f826b822b8,Yến Lê,yenle.leyen7449,buijane.yenle@yahoo.com,yenle-_$1P#jKv,2024-06-13T12:32:12+07:00,False
42de0892-a89c-4e73-95f4-f14b3d9e4b01,Minh Vũ,minhvu.vuminh4697,onguyen.minhvu@hotmail.com,minhvu-bW_98AKq,2024-02-20T13:31:41+07:00,False
1514e73a-677a-452f-b28b-694192978aa5,Bà Kim Mai,kimmai.maikim2332,phamjane.kimmai@hotmail.com,kimmai-(3qPU3Ba,2024-08-08T06:54:48+07:00,False
1bf5d4bd-0a28-4b94-b97d-5d72a50632f1,Lâm Quang Phạm,quangpham.phamquang7370,john23.quangpham@hotmail.com,quangpham-6Q%0Rj8m,2024-02-15T13:26:45+07:00,False
2052e8cd-c244-49bf-bf38-1366484ebbc9,Hoàng Đức Trần,ductran.tranduc5186,dangjane.ductran@gmail.com,ductran-Q*Wm1Kh),2024-08-01T09:38:31+07:00,False
a3dc9610-572f-47b3-b847-d441f6af292c,Châu Văn Phạm,vanpham.phamvan9039,janepham.vanpham@hotmail.com,vanpham-^D8YkrMc,2024-07-27T05:46:57+07:00,False
940106d0-91a8-499c-af2c-ab9316322556,Chị Thành Phạm,thanhpham.phamthanh7296,dangjohn.thanhpham@gmail.com,thanhpham-3_7NJdAb,2024-08-07T16:24:25+07:00,False
073ac5ea-f0c4-4e88-93ea-ffa998679592,Kim Mai,kimmai.maikim1654,johndang.kimmai@gmail.com,kimmai-&4UOit)q,2024-05-23T13:09:36+07:00,False
d02975f9-1fcc-4538-992c-19f445c9abc4,Bà Lâm Bùi,lambui.builam9843,ztran.lambui@gmail.com,lambui-1+t4JWiq,2024-07-10T01:31:32+07:00,False
a872cf9b-1aaf-4a38-9868-1debab1fba0d,Vũ Đức Hoàng,duchoang.hoangduc6486,nguyenjohn.duchoang@yahoo.com,duchoang-_3DQXczr,2024-05-07T19:30:25+07:00,False
036476be-82c3-46cb-9d33-8c99b8f627be,Ngọc Mai,ngocmai.maingoc2658,janenguyen.ngocmai@yahoo.com,ngocmai-6X$40!Xq,2024-02-20T16:17:50+07:00,False
1061d3c5-5da4-40eb-b018-09fd3e4b98ca,Hoàng Thị Dương,thiduong.duongthi1571,jane67.thiduong@yahoo.com,thiduong-1yC!70Hz,2024-09-05T21:33:05+07:00,False
ed19794a-9cc3-4ed0-b5f8-351896d41912,Bà Ánh Phạm,anhpham.phamanh8442,hoangjohn.anhpham@hotmail.com,anhpham-*A3Zdqhf,2024-10-27T14:25:45+07:00,False
24671cb4-7be9-4f41-85c1-ee52e8ea0be9,Anh Khoa Bùi,khoabui.buikhoa5394,janemai.khoabui@gmail.com,khoabui-y&Q2Nriw,2024-06-03T07:47:44+07:00,False
22812707-ebf4-45ae-b49f-f9985a0e1e5a,Bác Nhiên Dương,nhienduong.duongnhien6575,jane75.nhienduong@hotmail.com,nhienduong-#3UuSq_v,2024-07-09T11:54:20+07:00,False
2a6ee1ed-01d2-4c51-9231-007afb9df7f6,Cô Khoa Phạm,khoapham.phamkhoa4548,johnpham.khoapham@yahoo.com,khoapham-Dg+11sIv,2024-07-27T18:41:52+07:00,True
cab0893c-6439-4003-a649-307ac4d7873b,Bà Lâm Trần,lamtran.tranlam9555,duongjane.lamtran@hotmail.com,lamtran-_qUc6GAv,2024-06-17T04:48:46+07:00,False
b063d92f-09b8-43c8-9192-81786a9c09eb,Vi Phạm,vipham.phamvi8500,buijane.vipham@hotmail.com,vipham-H1%q1Mkk,2024-05-31T04:48:44+07:00,False
9defce05-d92d-49cd-a370-012170271250,Anh Nam Bùi,nambui.buinam2942,nguyenjohn.nambui@gmail.com,nambui-PU+9zCEz,2024-07-02T10:03:31+07:00,False
7cd38063-bf5d-4751-910d-0ae368fb877d,Châu Phú Lê,phule.lephu8000,janebui.phule@yahoo.com,phule-%6akAdSj,2024-11-24T01:43:25+07:00,False
e423d655-c1d2-475f-84c8-770e02321762,Hà Đức Bùi,ducbui.buiduc4118,janemai.ducbui@hotmail.com,ducbui-%0ASecJc,2024-04-02T13:33:52+07:00,False
d2f33a8d-4a02-479b-9099-8c44be4fe2b2,Quý cô Hạnh Trần,hanhtran.tranhanh7544,nguyenjane.hanhtran@yahoo.com,hanhtran-@kB6Mfvz,2024-11-01T04:10:32+07:00,False
cd70d23d-874c-45d5-b5bc-9bcc190452ab,Thành Mai Hoàng,maihoang.hoangmai2038,nguyenjohn.maihoang@hotmail.com,maihoang-i+p5DKbf,2024-11-08T11:36:24+07:00,False
a168bb3c-1c15-4d70-9c40-34b26219a5a4,Quang Hoàng,quanghoang.hoangquang9606,jane87.quanghoang@yahoo.com,quanghoang-M#Y@3Tjr,2024-01-19T02:06:08+07:00,False
e8e9e9c3-1cb9-4652-a4ba-851e8ea810df,Quang Đức Lê,ducle.leduc1880,jane45.ducle@yahoo.com,ducle-(0lK8kX+,2024-01-22T00:56:38+07:00,False
c0bfea74-7393-47c9-a7e7-ed77dbcc9640,Ông Nhiên Vũ,nhienvu.vunhien7998,kbui.nhienvu@gmail.com,nhienvu-#(7Qz6(Q,2024-02-01T16:26:26+07:00,False
3ca9ad8c-7132-4b85-89fd-d470610d4f3c,Ông Minh Hoàng,minhhoang.hoangminh6767,john91.minhhoang@gmail.com,minhhoang-(Z4QAd&^,2024-01-13T00:56:40+07:00,False
e560bd15-05a7-4330-9fa4-45bd35c0c0d8,Anh Hoàng Dương,hoangduong.duonghoang5377,janebui.hoangduong@gmail.com,hoangduong-^QhJ9Jvt,2024-08-04T21:01:42+07:00,False
4bf6b973-c791-4252-9b27-fd7af57cb2aa,Phương Mai,phuongmai.maiphuong6782,xduong.phuongmai@gmail.com,phuongmai-&(6GNBiH,2024-11-15T19:16:39+07:00,False
3289e2b2-a548-44fa-b893-8a5f019bf20d,Tùng Hoàng,tunghoang.hoangtung5207,jane17.tunghoang@yahoo.com,tunghoang-T#*4Qy#l,2024-02-02T01:51:15+07:00,False
95db74ec-17a6-4c50-8fe9-d8da19c8186f,Quang Vũ,quangvu.vuquang5329,johnhoang.quangvu@hotmail.com,quangvu-*6&CBmvh,2024-05-04T18:39:39+07:00,False
485ceb73-203f-4cab-b22c-33372ac8f01e,Hoàng Mai,hoangmai.maihoang4883,johnhoang.hoangmai@hotmail.com,hoangmai-FB!5pL^b,2024-09-07T15:32:36+07:00,False
9e480195-a14c-41e5-89c8-4544ae4f6147,Quý cô Nhật Trần,nhattran.trannhat8236,janehoang.nhattran@gmail.com,nhattran-%0(yOdnE,2024-04-06T07:58:23+07:00,False
586e26ce-766f-4fcd-ae4c-f7460fa5c20e,Dương Bùi,duongbui.buiduong1407,buijohn.duongbui@yahoo.com,duongbui-h+u4ByH(,2024-08-30T12:59:33+07:00,False
58fedb6b-b4f9-4cd2-8118-0ebbad230b9b,Bác Châu Trần,chautran.tranchau8230,john86.chautran@hotmail.com,chautran-*42TsfuB,2024-07-17T08:04:52+07:00,False
2a9bdb0f-c257-49ba-b0c9-f3ecfcfa5232,Bà Yến Nguyễn,yennguyen.nguyenyen8889,dpham.yennguyen@yahoo.com,yennguyen-^6I7efwY,2024-04-12T16:49:38+07:00,False
c90595d8-51b7-49f5-a905-494d3b01b60e,Hải Thế Mai,themai.maithe4007,jane88.themai@yahoo.com,themai-(5$B1isO,2024-09-20T22:50:18+07:00,False
4c9ef9e2-a1c4-4f1f-9353-f47f5792363e,Quang Hữu Hoàng,huuhoang.hoanghuu6492,johntran.huuhoang@gmail.com,huuhoang-H^9GifN$,2024-03-25T07:46:14+07:00,False
96a55122-6bd6-45ea-9760-6ec15be0c923,Bảo Dương,baoduong.duongbao9264,hhoang.baoduong@gmail.com,baoduong-Q4)0Aq#t,2024-02-24T10:19:30+07:00,False
97232f17-d2ad-4caa-a612-ad427ef34b05,Quý ông Huy Bùi,huybui.buihuy7509,cdang.huybui@hotmail.com,huybui-ye%D2Q+k,2024-09-23T08:32:37+07:00,False
56ba28d0-8fd7-447f-81a1-ad2cb3aa50d0,An Quang Trần,quangtran.tranquang2782,stran.quangtran@gmail.com,quangtran-$^9HtR(Z,2024-08-06T00:36:49+07:00,True
e2aed85a-bb32-4da4-8d6d-fd9f7a970c9a,Bảo Phú Lê,phule.lephu1517,hoangjohn.phule@yahoo.com,phule-e)f8MLjD,2024-05-17T23:45:20+07:00,False
6ab4f76f-44c2-4454-8a57-40649a3a920a,Tú Vũ,tuvu.vutu1275,vujane.tuvu@yahoo.com,tuvu-q(Rc+2Ys,2024-08-19T05:44:57+07:00,False
ea693b79-6e82-4392-a5b2-fe8e74cc8210,Dũng Văn Lê,vanle.levan3974,emai.vanle@hotmail.com,vanle-!To7lGcU,2024-08-26T18:18:53+07:00,False
cc7a10f6-e9a9-4848-8957-172d534af14f,Khoa Hoàng,khoahoang.hoangkhoa2813,johnpham.khoahoang@gmail.com,khoahoang-^1WexLUk,2024-03-21T22:59:16+07:00,False
83302fff-1ad8-47aa-8012-149fe290de9d,Thành Bùi,thanhbui.buithanh4723,lejohn.thanhbui@yahoo.com,thanhbui-))u#2Jxb,2024-07-23T14:10:27+07:00,False
2b4b0d39-5b9d-4c19-a24c-33e159f42e93,Hải Hoàng Đặng,hoangdang.danghoang6590,ntran.hoangdang@hotmail.com,hoangdang-V%J4skVx,2024-11-18T06:21:46+07:00,False
95141e24-71c7-44b4-9951-e2de2f010166,Phương Hoàng Trần,hoangtran.tranhoang3635,lejohn.hoangtran@hotmail.com,hoangtran-BNad!7Ms,2024-07-13T06:53:21+07:00,False
b20099cc-97b9-44a1-b2b1-b70a81df7ce5,Bà Nhật Lê,nhatle.lenhat2547,dangjane.nhatle@hotmail.com,nhatle-gH*R30Mt,2024-11-18T02:05:01+07:00,False
