huuhoang.hoanghuu4346	huuhoang-$!$jD9Tf
jane75.huuhoang@gmail.com	huuhoang-$!$jD9Tf
tungnguyen.nguyentung7723	tungnguyen-%&89f4Ub
tranjohn.tungnguyen@gmail.com	tungnguyen-%&89f4Ub
maidang.dangmai2092	maidang-E$3PqURd
wdang.maidang@gmail.com	maidang-E$3PqURd
vidang.dangvi6491	vidang-!6Ic1VMY
buijohn.vidang@yahoo.com	vidang-!6Ic1VMY
xuanbui.buixuan4831	xuanbui-*1VVRnws
johnbui.xuanbui@yahoo.com	xuanbui-*1VVRnws
anmai.maian5505	anmai-)0Pq+p4b
bduong.anmai@gmail.com	anmai-)0Pq+p4b
hongdang.danghong2127	hongdang-%6jNDjWV
nguyenjohn.hongdang@hotmail.com	hongdang-%6jNDjWV
baodang.dangbao1717	baodang-@@Qv2Emd
jane97.baodang@gmail.com	baodang-@@Qv2Emd
baobui.buibao5882	baobui-()!2yAqs
john33.baobui@hotmail.com	baobui-()!2yAqs
hoangnguyen.nguyenhoang7993	hoangnguyen-+O3XNfkz
johnduong.hoangnguyen@gmail.com	hoangnguyen-+O3XNfkz
nhatbui.buinhat9357	nhatbui-*7WVm9!k
hoangjane.nhatbui@yahoo.com	nhatbui-*7WVm9!k
phuongmai.maiphuong3914	phuongmai-!9_E^Ufz
maijohn.phuongmai@hotmail.com	phuongmai-!9_E^Ufz
quanghoang.hoangquang1644	quanghoang-Pd#Y1zZc
john14.quanghoang@yahoo.com	quanghoang-Pd#Y1zZc
themai.maithe4319	themai-(y1GEv68
johnpham.themai@gmail.com	themai-(y1GEv68
anduong.duongan6465	anduong-A!$xE4Ip
vujane.anduong@yahoo.com	anduong-A!$xE4Ip
lamhoang.hoanglam8199	lamhoang-#2%AtUao
johndang.lamhoang@hotmail.com	lamhoang-#2%AtUao
lamvu.vulam5761	lamvu-gWE@2LuL
john53.lamvu@yahoo.com	lamvu-gWE@2LuL
xuandang.dangxuan2094	xuandang-)l(4uTtc
johntran.xuandang@hotmail.com	xuandang-)l(4uTtc
linhnguyen.nguyenlinh6547	linhnguyen-@F7+PVAq
wbui.linhnguyen@gmail.com	linhnguyen-@F7+PVAq
thanhtran.tranthanh2348	thanhtran-5$269VoE
janeduong.thanhtran@yahoo.com	thanhtran-5$269VoE
thevu.vuthe6135	thevu-_C9LR1Re
cduong.thevu@gmail.com	thevu-_C9LR1Re
nhiendang.dangnhien4891	nhiendang-!^G7*Dcw
janele.nhiendang@hotmail.com	nhiendang-!^G7*Dcw
kimtran.trankim7270	kimtran-_J7sYgPo
omai.kimtran@yahoo.com	kimtran-_J7sYgPo
khoabui.buikhoa3581	khoabui-V4^4hVrx
gbui.khoabui@hotmail.com	khoabui-V4^4hVrx
duchoang.hoangduc9707	duchoang-Vb+$0Khq
buijane.duchoang@yahoo.com	duchoang-Vb+$0Khq
maitran.tranmai1744	maitran-RI^Wq8Kh
thoang.maitran@hotmail.com	maitran-RI^Wq8Kh
ducnguyen.nguyenduc7946	ducnguyen-*9j7XRg5
janemai.ducnguyen@hotmail.com	ducnguyen-*9j7XRg5
xuanhoang.hoangxuan3966	xuanhoang-(3+HaZQs
johnvu.xuanhoang@hotmail.com	xuanhoang-(3+HaZQs
huule.lehuu3819	huule-!#vF8iPk
johnbui.huule@yahoo.com	huule-!#vF8iPk
huymai.maihuy4830	huymai-M_z@0UGu
duongjohn.huymai@gmail.com	huymai-M_z@0UGu
xuanduong.duongxuan7016	xuanduong-$4Oc(grI
sdang.xuanduong@hotmail.com	xuanduong-$4Oc(grI
thanhnguyen.nguyenthanh8790	thanhnguyen-m&3NOcxL
maijane.thanhnguyen@yahoo.com	thanhnguyen-m&3NOcxL
thimai.maithi6993	thimai-_p!56BHw
tranjohn.thimai@hotmail.com	thimai-_p!56BHw
duyenhoang.hoangduyen7727	duyenhoang-^4&OOwWn
dangjohn.duyenhoang@yahoo.com	duyenhoang-^4&OOwWn
baopham.phambao8107	baopham-L&P18QJi
buijane.baopham@gmail.com	baopham-L&P18QJi
trongduong.duongtrong9535	trongduong-^6yAFJj_
kduong.trongduong@hotmail.com	trongduong-^6yAFJj_
hongduong.duonghong2302	hongduong-(5DsAUCB
imai.hongduong@gmail.com	hongduong-(5DsAUCB
trungdang.dangtrung6693	trungdang-#O7B%Pz5
janevu.trungdang@gmail.com	trungdang-#O7B%Pz5
triduong.duongtri6432	triduong-n@9EDxwJ
eduong.triduong@gmail.com	triduong-n@9EDxwJ
xuanle.lexuan9167	xuanle-%4&5kSlo
vpham.xuanle@gmail.com	xuanle-%4&5kSlo
nhienhoang.hoangnhien4352	nhienhoang-$R4Rcrh5
jane11.nhienhoang@gmail.com	nhienhoang-$R4Rcrh5
dungmai.maidung7621	dungmai-)4SKyTdp
fnguyen.dungmai@hotmail.com	dungmai-)4SKyTdp
trivu.vutri7851	trivu-%4brAl*q
phamjohn.trivu@gmail.com	trivu-%4brAl*q
vibui.buivi9340	vibui-x@E7Wdpl
jane21.vibui@gmail.com	vibui-x@E7Wdpl
vimai.maivi4953	vimai-&87LJg^i
john25.vimai@gmail.com	vimai-&87LJg^i
lammai.mailam4832	lammai-)G9WTfG*
avu.lammai@gmail.com	lammai-)G9WTfG*
haibui.buihai8368	haibui-j!5JO#&p
john54.haibui@gmail.com	haibui-j!5JO#&p
phuongdang.dangphuong7505	phuongdang-4(0WQu9Y
lejane.phuongdang@gmail.com	phuongdang-4(0WQu9Y
thidang.dangthi6695	thidang-p)$V0Zxr
cvu.thidang@hotmail.com	thidang-p)$V0Zxr
baobui.buibao6148	baobui-!0!Wxai*
lejohn.baobui@yahoo.com	baobui-!0!Wxai*
habui.buiha1787	habui-+%9gSPha
johnduong.habui@gmail.com	habui-+%9gSPha
yenle.leyen7449	yenle-_$1P#jKv
buijane.yenle@yahoo.com	yenle-_$1P#jKv
minhvu.vuminh4697	minhvu-bW_98AKq
onguyen.minhvu@hotmail.com	minhvu-bW_98AKq
kimmai.maikim2332	kimmai-(3qPU3Ba
phamjane.kimmai@hotmail.com	kimmai-(3qPU3Ba
quangpham.phamquang7370	quangpham-6Q%0Rj8m
john23.quangpham@hotmail.com	quangpham-6Q%0Rj8m
ductran.tranduc5186	ductran-Q*Wm1Kh)
dangjane.ductran@gmail.com	ductran-Q*Wm1Kh)
vanpham.phamvan9039	vanpham-^D8YkrMc
janepham.vanpham@hotmail.com	vanpham-^D8YkrMc
thanhpham.phamthanh7296	thanhpham-3_7NJdAb
dangjohn.thanhpham@gmail.com	thanhpham-3_7NJdAb
kimmai.maikim1654	kimmai-&4UOit)q
johndang.kimmai@gmail.com	kimmai-&4UOit)q
lambui.builam9843	lambui-1+t4JWiq
ztran.lambui@gmail.com	lambui-1+t4JWiq
duchoang.hoangduc6486	duchoang-_3DQXczr
nguyenjohn.duchoang@yahoo.com	duchoang-_3DQXczr
ngocmai.maingoc2658	ngocmai-6X$40!Xq
janenguyen.ngocmai@yahoo.com	ngocmai-6X$40!Xq
thiduong.duongthi1571	thiduong-1yC!70Hz
jane67.thiduong@yahoo.com	thiduong-1yC!70Hz
anhpham.phamanh8442	anhpham-*A3Zdqhf
hoangjohn.anhpham@hotmail.com	anhpham-*A3Zdqhf
khoabui.buikhoa5394	khoabui-y&Q2Nriw
janemai.khoabui@gmail.com	khoabui-y&Q2Nriw
nhienduong.duongnhien6575	nhienduong-#3UuSq_v
jane75.nhienduong@hotmail.com	nhienduong-#3UuSq_v
khoapham.phamkhoa4548	khoapham-Dg+11sIv
johnpham.khoapham@yahoo.com	khoapham-Dg+11sIv
lamtran.tranlam9555	lamtran-_qUc6GAv
duongjane.lamtran@hotmail.com	lamtran-_qUc6GAv
vipham.phamvi8500	vipham-H1%q1Mkk
buijane.vipham@hotmail.com	vipham-H1%q1Mkk
nambui.buinam2942	nambui-PU+9zCEz
nguyenjohn.nambui@gmail.com	nambui-PU+9zCEz
phule.lephu8000	phule-%6akAdSj
janebui.phule@yahoo.com	phule-%6akAdSj
ducbui.buiduc4118	ducbui-%0ASecJc
janemai.ducbui@hotmail.com	ducbui-%0ASecJc
hanhtran.tranhanh7544	hanhtran-@kB6Mfvz
nguyenjane.hanhtran@yahoo.com	hanhtran-@kB6Mfvz
maihoang.hoangmai2038	maihoang-i+p5DKbf
nguyenjohn.maihoang@hotmail.com	maihoang-i+p5DKbf
quanghoang.hoangquang9606	quanghoang-M#Y@3Tjr
jane87.quanghoang@yahoo.com	quanghoang-M#Y@3Tjr
ducle.leduc1880	ducle-(0lK8kX+
jane45.ducle@yahoo.com	ducle-(0lK8kX+
nhienvu.vunhien7998	nhienvu-#(7Qz6(Q
kbui.nhienvu@gmail.com	nhienvu-#(7Qz6(Q
minhhoang.hoangminh6767	minhhoang-(Z4QAd&^
john91.minhhoang@gmail.com	minhhoang-(Z4QAd&^
hoangduong.duonghoang5377	hoangduong-^QhJ9Jvt
janebui.hoangduong@gmail.com	hoangduong-^QhJ9Jvt
phuongmai.maiphuong6782	phuongmai-&(6GNBiH
xduong.phuongmai@gmail.com	phuongmai-&(6GNBiH
tunghoang.hoangtung5207	tunghoang-T#*4Qy#l
jane17.tunghoang@yahoo.com	tunghoang-T#*4Qy#l
quangvu.vuquang5329	quangvu-*6&CBmvh
johnhoang.quangvu@hotmail.com	quangvu-*6&CBmvh
hoangmai.maihoang4883	hoangmai-FB!5pL^b
johnhoang.hoangmai@hotmail.com	hoangmai-FB!5pL^b
nhattran.trannhat8236	nhattran-%0(yOdnE
janehoang.nhattran@gmail.com	nhattran-%0(yOdnE
duongbui.buiduong1407	duongbui-h+u4ByH(
buijohn.duongbui@yahoo.com	duongbui-h+u4ByH(
chautran.tranchau8230	chautran-*42TsfuB
john86.chautran@hotmail.com	chautran-*42TsfuB
yennguyen.nguyenyen8889	yennguyen-^6I7efwY
dpham.yennguyen@yahoo.com	yennguyen-^6I7efwY
themai.maithe4007	themai-(5$B1isO
jane88.themai@yahoo.com	themai-(5$B1isO
huuhoang.hoanghuu6492	huuhoang-H^9GifN$
johntran.huuhoang@gmail.com	huuhoang-H^9GifN$
baoduong.duongbao9264	baoduong-Q4)0Aq#t
hhoang.baoduong@gmail.com	baoduong-Q4)0Aq#t
huybui.buihuy7509	huybui-ye%D2Q+k
cdang.huybui@hotmail.com	huybui-ye%D2Q+k
quangtran.tranquang2782	quangtran-$^9HtR(Z
stran.quangtran@gmail.com	quangtran-$^9HtR(Z
phule.lephu1517	phule-e)f8MLjD
hoangjohn.phule@yahoo.com	phule-e)f8MLjD
tuvu.vutu1275	tuvu-q(Rc+2Ys
vujane.tuvu@yahoo.com	tuvu-q(Rc+2Ys
vanle.levan3974	vanle-!To7lGcU
emai.vanle@hotmail.com	vanle-!To7lGcU
khoahoang.hoangkhoa2813	khoahoang-^1WexLUk
johnpham.khoahoang@gmail.com	khoahoang-^1WexLUk
thanhbui.buithanh4723	thanhbui-))u#2Jxb
lejohn.thanhbui@yahoo.com	thanhbui-))u#2Jxb
hoangdang.danghoang6590	hoangdang-V%J4skVx
ntran.hoangdang@hotmail.com	hoangdang-V%J4skVx
hoangtran.tranhoang3635	hoangtran-BNad!7Ms
lejohn.hoangtran@hotmail.com	hoangtran-BNad!7Ms
nhatle.lenhat2547	nhatle-gH*R30Mt
dangjane.nhatle@hotmail.com	nhatle-gH*R30Mt
